Random Forest,XGBoost,Logistic Regression,SVM,k-NN
0.8300308917745872,0.834924086705877,0.7904132084945973,0.7735553951926287,0.72235045551613
