Random Forest,XGBoost,Logistic Regression,SVM,k-NN
0.7553310252140226,0.7538604486442235,0.6327066039853744,0.6527667177689227,0.591254818739225
