Random Forest,XGBoost,Logistic Regression,SVM,k-NN
0.7505508746348498,0.7613677065118323,0.6435475072422139,0.6502598685784384,0.5923942464756802
