Random Forest,XGBoost,Logistic Regression,SVM,k-NN
0.8275006497436364,0.8388961022179527,0.7956110151645326,0.7720780672839979,0.7235547160778634
